-- phpMyAdmin SQL Dump
-- version 5.2.1
-- https://www.phpmyadmin.net/
--
-- Host: localhost:3306
-- Generation Time: Nov 05, 2024 at 05:23 PM
-- Server version: 10.4.32-MariaDB
-- PHP Version: 8.2.12

SET SQL_MODE = "NO_AUTO_VALUE_ON_ZERO";
START TRANSACTION;
SET time_zone = "+00:00";


/*!40101 SET @OLD_CHARACTER_SET_CLIENT=@@CHARACTER_SET_CLIENT */;
/*!40101 SET @OLD_CHARACTER_SET_RESULTS=@@CHARACTER_SET_RESULTS */;
/*!40101 SET @OLD_COLLATION_CONNECTION=@@COLLATION_CONNECTION */;
/*!40101 SET NAMES utf8mb4 */;

--
-- Database: `news_page2`
--

-- --------------------------------------------------------

--
-- Table structure for table `admin`
--

CREATE TABLE `admin` (
  `id` int(11) NOT NULL,
  `username` varchar(50) NOT NULL,
  `first_name` varchar(50) DEFAULT NULL,
  `last_name` varchar(50) DEFAULT NULL,
  `password` varchar(255) NOT NULL,
  `created_at` timestamp NOT NULL DEFAULT current_timestamp()
) ENGINE=InnoDB DEFAULT CHARSET=utf8mb4 COLLATE=utf8mb4_general_ci;

--
-- Dumping data for table `admin`
--

INSERT INTO `admin` (`id`, `username`, `first_name`, `last_name`, `password`, `created_at`) VALUES
(1, 'admin1', 'admin', 'Ladmin', '$2y$10$7WAivihSlirSWSOZ.KNIne5GJbhsb9Iav6SHIvV0csS24Y.zP2xTW', '2024-09-17 09:04:09'),
(7, 'km12', 'aw', 'wa', '$2y$10$ZMsCfRmY0fpiL2d9aD14MeNboskOwSDnxjNfGAgv4Z.QBED.VJiDi', '2024-10-30 07:29:28');

-- --------------------------------------------------------

--
-- Table structure for table `articles`
--

CREATE TABLE `articles` (
  `id` int(11) NOT NULL,
  `title` varchar(255) NOT NULL,
  `description` text DEFAULT NULL,
  `author_id` int(11) DEFAULT NULL,
  `category_id` int(11) DEFAULT NULL,
  `created_at` timestamp NOT NULL DEFAULT current_timestamp()
) ENGINE=InnoDB DEFAULT CHARSET=utf8mb4 COLLATE=utf8mb4_unicode_ci;

--
-- Dumping data for table `articles`
--

INSERT INTO `articles` (`id`, `title`, `description`, `author_id`, `category_id`, `created_at`) VALUES
(6, 'ทดดดด', 'ทดดดด', NULL, 1, '2024-10-02 17:00:00'),
(7, 'ทดสอบบบบบบ', 'เครือข่ายบริหารการวิจัยภาคใต้ตอนบน เปิดรับข้อเสนอโครงการวิจัยฯ ภาครัฐร่วมเอกชนในเชิงพาณิชย์ (PRELIMINARY RESEARCH) ปีงบประมาณ พ.ศ. 2567\n\n          วันที่ 30 มกราคม พ.ศ. 2567 มหาวิทยาลัยวลัยลักษณ์ โดยสำนักวิชาสาธารณสุขศาสตร์ สำนักวิชาวิศวกรรมศาสตร์และเทคโนโลยี และศูนย์บริการวิชาการ ในฐานะที่ปรึกษา “โครงการพัฒนาศักยภาพสำนักงานทรัพยากรธรรมชาติและสิ่งแวดล้อมจังหวัด เพื่อพัฒนาแผนงานด้านการเปลี่ยนแปลงสภาพภูมิอากาศระดับจังหวัด จังหวัดตรัง” นำโดย รองศาสตราจารย์ ดร.วาริท เจาะจิตต์ รองอธิการบดีมหาวิทยาลัยวลัยลักษณ์ อาจารย์นิธิมา หนูหลง และผู้ช่วยศาสตราจารย์ ดร.ประเสริฐ มากแก้ว อาจารย์ประจำสำนักวิชาสาธารณสุขศาสตร์ และผู้ช่วยศาสตาจารย์ ดร.กมล ถิ่นสุราษฎร์ อาจารย์ประจำสำนักวิชาวิศวกรรมศาสตร์และเทคโนโลยี มหาวิทยาลัยวลัยลักษณ์ เข้าร่วมประชุมคณะทำงานด้านการเปลี่ยนแปลงสภาพภูมิอากาศอากาศระดับจังหวัด จังหวัดตรัง ครั้งที่ 5 และเข้าร่วมพิธีเปิดศูนย์ประสานงาน ด้านการเปลี่ยนแปลง สภาพภูมิอากาศและความหลากหลายทางชีวภาพ จังหวัดตรัง ณ ห้องธนารินทร์ 2 ชั้น 2 โรงแรมธรรมรินทร์ ธนา อำเภอเมืองตรัง จังหวัดตรัง โดยมีนายทรงกลดสว่างวงศ์ ผู้ว่าราชการจังหวัดตรัง เป็นประธานการประชุม วัตถุประสงค์ของการเปิดศูนย์ประสานงานด้านการเปลี่ยนแปลงสภาพภูมิอากาศและความหลากหลายทางชีวภาพ จังหวัดตรัง เพื่อขับเคลื่อนตามนโยบายกระทรวงทรัพยากรธรรมชาติและสิ่งแวดล้อมอย่างต่อเนื่อง มีภารกิจหลัก 1. เป็นเกณฑ์กลางในการสื่อสาร สร้างความเข้าใจและความตระหนักต่อการเปลี่ยนแปลงสภาพภูมิอากาศ 2. ประสานความร่วมมือเชื่อมโยงการดำเนินงานร่วมกับคณะทำงาน รวมถึงภาคส่วนต่าง ๆ ที่เกี่ยวข้อง และเป็นแหล่งข้อมูล เกี่ยวกับการเปลี่ยนแปลงสภาพภูมิอากาศและความหลากหลายทางชีวภาพ สามารถนำไปใช้ประกอบการดำเนินการต่าง ๆ ได้ อีกทั้งในที่ประชุมมหาวิทยาลัยวลัยลักษณ์ในฐานะที่ปรึกษาโครงการฯ ได้นำเสนอแผนปฏิบัติการปรับตัวต่อผลกระทบจากการเปลี่ยนแปลงสภาพภูมิอากาศ ในจังหวัดตรัง และรับฟังความคิดเห็นจากคณะทำงานด้านการเปลี่ยนแปลงสภาพภูมิอากาศระดับจังหวัด จังหวัดตรัง สำหรับหน่วยงานหลัก และหน่วยงานสนับสนุน เพื่อขับเคลื่อนแผนปฏิบัติการปรับต่อต่อผลกระทบจากการเปลี่ยนแปลงสภาพภูมิอากาศในจังหวัดตรัง ต่อไป\n\n          ซึ่งการดำเนินการดังกล่าว สอดคล้องกับเป้าหมายการพัฒนาที่ยั่งยืน (SDGs) เป้าหมายตาม SDG ข้อที่ 13 (Climate Action) การรับมือการเปลี่ยนแปลงสภาพภูมิอากาศ และข้อที่ 17 (Partnerships for the Goals) สร้างความร่วมมือกับเครือข่ายและหน่วยงานต่าง ๆ ที่เกี่ยวข้องอีกด้วย', NULL, 1, '2024-10-02 17:00:00'),
(8, 'ทดสอบบบบบบ', 'เครือข่ายบริหารการวิจัยภาคใต้ตอนบน เปิดรับข้อเสนอโครงการวิจัยฯ ภาครัฐร่วมเอกชนในเชิงพาณิชย์ (PRELIMINARY RESEARCH) ปีงบประมาณ พ.ศ. 2567\r\n\r\n          วันที่ 30 มกราคม พ.ศ. 2567 มหาวิทยาลัยวลัยลักษณ์ โดยสำนักวิชาสาธารณสุขศาสตร์ สำนักวิชาวิศวกรรมศาสตร์และเทคโนโลยี และศูนย์บริการวิชาการ ในฐานะที่ปรึกษา “โครงการพัฒนาศักยภาพสำนักงานทรัพยากรธรรมชาติและสิ่งแวดล้อมจังหวัด เพื่อพัฒนาแผนงานด้านการเปลี่ยนแปลงสภาพภูมิอากาศระดับจังหวัด จังหวัดตรัง” นำโดย รองศาสตราจารย์ ดร.วาริท เจาะจิตต์ รองอธิการบดีมหาวิทยาลัยวลัยลักษณ์ อาจารย์นิธิมา หนูหลง และผู้ช่วยศาสตราจารย์ ดร.ประเสริฐ มากแก้ว อาจารย์ประจำสำนักวิชาสาธารณสุขศาสตร์ และผู้ช่วยศาสตาจารย์ ดร.กมล ถิ่นสุราษฎร์ อาจารย์ประจำสำนักวิชาวิศวกรรมศาสตร์และเทคโนโลยี มหาวิทยาลัยวลัยลักษณ์ เข้าร่วมประชุมคณะทำงานด้านการเปลี่ยนแปลงสภาพภูมิอากาศอากาศระดับจังหวัด จังหวัดตรัง ครั้งที่ 5 และเข้าร่วมพิธีเปิดศูนย์ประสานงาน ด้านการเปลี่ยนแปลง สภาพภูมิอากาศและความหลากหลายทางชีวภาพ จังหวัดตรัง ณ ห้องธนารินทร์ 2 ชั้น 2 โรงแรมธรรมรินทร์ ธนา อำเภอเมืองตรัง จังหวัดตรัง โดยมีนายทรงกลดสว่างวงศ์ ผู้ว่าราชการจังหวัดตรัง เป็นประธานการประชุม วัตถุประสงค์ของการเปิดศูนย์ประสานงานด้านการเปลี่ยนแปลงสภาพภูมิอากาศและความหลากหลายทางชีวภาพ จังหวัดตรัง เพื่อขับเคลื่อนตามนโยบายกระทรวงทรัพยากรธรรมชาติและสิ่งแวดล้อมอย่างต่อเนื่อง มีภารกิจหลัก 1. เป็นเกณฑ์กลางในการสื่อสาร สร้างความเข้าใจและความตระหนักต่อการเปลี่ยนแปลงสภาพภูมิอากาศ 2. ประสานความร่วมมือเชื่อมโยงการดำเนินงานร่วมกับคณะทำงาน รวมถึงภาคส่วนต่าง ๆ ที่เกี่ยวข้อง และเป็นแหล่งข้อมูล เกี่ยวกับการเปลี่ยนแปลงสภาพภูมิอากาศและความหลากหลายทางชีวภาพ สามารถนำไปใช้ประกอบการดำเนินการต่าง ๆ ได้ อีกทั้งในที่ประชุมมหาวิทยาลัยวลัยลักษณ์ในฐานะที่ปรึกษาโครงการฯ ได้นำเสนอแผนปฏิบัติการปรับตัวต่อผลกระทบจากการเปลี่ยนแปลงสภาพภูมิอากาศ ในจังหวัดตรัง และรับฟังความคิดเห็นจากคณะทำงานด้านการเปลี่ยนแปลงสภาพภูมิอากาศระดับจังหวัด จังหวัดตรัง สำหรับหน่วยงานหลัก และหน่วยงานสนับสนุน เพื่อขับเคลื่อนแผนปฏิบัติการปรับต่อต่อผลกระทบจากการเปลี่ยนแปลงสภาพภูมิอากาศในจังหวัดตรัง ต่อไป\r\n\r\n          ซึ่งการดำเนินการดังกล่าว สอดคล้องกับเป้าหมายการพัฒนาที่ยั่งยืน (SDGs) เป้าหมายตาม SDG ข้อที่ 13 (Climate Action) การรับมือการเปลี่ยนแปลงสภาพภูมิอากาศ และข้อที่ 17 (Partnerships for the Goals) สร้างความร่วมมือกับเครือข่ายและหน่วยงานต่าง ๆ ที่เกี่ยวข้องอีกด้วย', NULL, 1, '2024-10-02 17:00:00'),
(9, 'ทดสอบบบบบบๅๅๅๅๅๅๅ', 'เครือข่ายบริหารการวิจัยภาคใต้ตอนบน เปิดรับข้อเสนอโครงการวิจัยฯ ภาครัฐร่วมเอกชนในเชิงพาณิชย์ (PRELIMINARY RESEARCH) ปีงบประมาณ พ.ศ. 2567\r\n\r\n          วันที่ 30 มกราคม พ.ศ. 2567 มหาวิทยาลัยวลัยลักษณ์ โดยสำนักวิชาสาธารณสุขศาสตร์ สำนักวิชาวิศวกรรมศาสตร์และเทคโนโลยี และศูนย์บริการวิชาการ ในฐานะที่ปรึกษา “โครงการพัฒนาศักยภาพสำนักงานทรัพยากรธรรมชาติและสิ่งแวดล้อมจังหวัด เพื่อพัฒนาแผนงานด้านการเปลี่ยนแปลงสภาพภูมิอากาศระดับจังหวัด จังหวัดตรัง” นำโดย รองศาสตราจารย์ ดร.วาริท เจาะจิตต์ รองอธิการบดีมหาวิทยาลัยวลัยลักษณ์ อาจารย์นิธิมา หนูหลง และผู้ช่วยศาสตราจารย์ ดร.ประเสริฐ มากแก้ว อาจารย์ประจำสำนักวิชาสาธารณสุขศาสตร์ และผู้ช่วยศาสตาจารย์ ดร.กมล ถิ่นสุราษฎร์ อาจารย์ประจำสำนักวิชาวิศวกรรมศาสตร์และเทคโนโลยี มหาวิทยาลัยวลัยลักษณ์ เข้าร่วมประชุมคณะทำงานด้านการเปลี่ยนแปลงสภาพภูมิอากาศอากาศระดับจังหวัด จังหวัดตรัง ครั้งที่ 5 และเข้าร่วมพิธีเปิดศูนย์ประสานงาน ด้านการเปลี่ยนแปลง สภาพภูมิอากาศและความหลากหลายทางชีวภาพ จังหวัดตรัง ณ ห้องธนารินทร์ 2 ชั้น 2 โรงแรมธรรมรินทร์ ธนา อำเภอเมืองตรัง จังหวัดตรัง โดยมีนายทรงกลดสว่างวงศ์ ผู้ว่าราชการจังหวัดตรัง เป็นประธานการประชุม วัตถุประสงค์ของการเปิดศูนย์ประสานงานด้านการเปลี่ยนแปลงสภาพภูมิอากาศและความหลากหลายทางชีวภาพ จังหวัดตรัง เพื่อขับเคลื่อนตามนโยบายกระทรวงทรัพยากรธรรมชาติและสิ่งแวดล้อมอย่างต่อเนื่อง มีภารกิจหลัก 1. เป็นเกณฑ์กลางในการสื่อสาร สร้างความเข้าใจและความตระหนักต่อการเปลี่ยนแปลงสภาพภูมิอากาศ 2. ประสานความร่วมมือเชื่อมโยงการดำเนินงานร่วมกับคณะทำงาน รวมถึงภาคส่วนต่าง ๆ ที่เกี่ยวข้อง และเป็นแหล่งข้อมูล เกี่ยวกับการเปลี่ยนแปลงสภาพภูมิอากาศและความหลากหลายทางชีวภาพ สามารถนำไปใช้ประกอบการดำเนินการต่าง ๆ ได้ อีกทั้งในที่ประชุมมหาวิทยาลัยวลัยลักษณ์ในฐานะที่ปรึกษาโครงการฯ ได้นำเสนอแผนปฏิบัติการปรับตัวต่อผลกระทบจากการเปลี่ยนแปลงสภาพภูมิอากาศ ในจังหวัดตรัง และรับฟังความคิดเห็นจากคณะทำงานด้านการเปลี่ยนแปลงสภาพภูมิอากาศระดับจังหวัด จังหวัดตรัง สำหรับหน่วยงานหลัก และหน่วยงานสนับสนุน เพื่อขับเคลื่อนแผนปฏิบัติการปรับต่อต่อผลกระทบจากการเปลี่ยนแปลงสภาพภูมิอากาศในจังหวัดตรัง ต่อไป\r\n\r\n          ซึ่งการดำเนินการดังกล่าว สอดคล้องกับเป้าหมายการพัฒนาที่ยั่งยืน (SDGs) เป้าหมายตาม SDG ข้อที่ 13 (Climate Action) การรับมือการเปลี่ยนแปลงสภาพภูมิอากาศ และข้อที่ 17 (Partnerships for the Goals) สร้างความร่วมมือกับเครือข่ายและหน่วยงานต่าง ๆ ที่เกี่ยวข้องอีกด้วย', NULL, 1, '2024-10-02 17:00:00'),
(10, 'ทดสอบบบบบบ222222222222222', 'เครือข่ายบริหารการวิจัยภาคใต้ตอนบน เปิดรับข้อเสนอโครงการวิจัยฯ ภาครัฐร่วมเอกชนในเชิงพาณิชย์ (PRELIMINARY RESEARCH) ปีงบประมาณ พ.ศ. 2567\r\n\r\n          วันที่ 30 มกราคม พ.ศ. 2567 มหาวิทยาลัยวลัยลักษณ์ โดยสำนักวิชาสาธารณสุขศาสตร์ สำนักวิชาวิศวกรรมศาสตร์และเทคโนโลยี และศูนย์บริการวิชาการ ในฐานะที่ปรึกษา “โครงการพัฒนาศักยภาพสำนักงานทรัพยากรธรรมชาติและสิ่งแวดล้อมจังหวัด เพื่อพัฒนาแผนงานด้านการเปลี่ยนแปลงสภาพภูมิอากาศระดับจังหวัด จังหวัดตรัง” นำโดย รองศาสตราจารย์ ดร.วาริท เจาะจิตต์ รองอธิการบดีมหาวิทยาลัยวลัยลักษณ์ อาจารย์นิธิมา หนูหลง และผู้ช่วยศาสตราจารย์ ดร.ประเสริฐ มากแก้ว อาจารย์ประจำสำนักวิชาสาธารณสุขศาสตร์ และผู้ช่วยศาสตาจารย์ ดร.กมล ถิ่นสุราษฎร์ อาจารย์ประจำสำนักวิชาวิศวกรรมศาสตร์และเทคโนโลยี มหาวิทยาลัยวลัยลักษณ์ เข้าร่วมประชุมคณะทำงานด้านการเปลี่ยนแปลงสภาพภูมิอากาศอากาศระดับจังหวัด จังหวัดตรัง ครั้งที่ 5 และเข้าร่วมพิธีเปิดศูนย์ประสานงาน ด้านการเปลี่ยนแปลง สภาพภูมิอากาศและความหลากหลายทางชีวภาพ จังหวัดตรัง ณ ห้องธนารินทร์ 2 ชั้น 2 โรงแรมธรรมรินทร์ ธนา อำเภอเมืองตรัง จังหวัดตรัง โดยมีนายทรงกลดสว่างวงศ์ ผู้ว่าราชการจังหวัดตรัง เป็นประธานการประชุม วัตถุประสงค์ของการเปิดศูนย์ประสานงานด้านการเปลี่ยนแปลงสภาพภูมิอากาศและความหลากหลายทางชีวภาพ จังหวัดตรัง เพื่อขับเคลื่อนตามนโยบายกระทรวงทรัพยากรธรรมชาติและสิ่งแวดล้อมอย่างต่อเนื่อง มีภารกิจหลัก 1. เป็นเกณฑ์กลางในการสื่อสาร สร้างความเข้าใจและความตระหนักต่อการเปลี่ยนแปลงสภาพภูมิอากาศ 2. ประสานความร่วมมือเชื่อมโยงการดำเนินงานร่วมกับคณะทำงาน รวมถึงภาคส่วนต่าง ๆ ที่เกี่ยวข้อง และเป็นแหล่งข้อมูล เกี่ยวกับการเปลี่ยนแปลงสภาพภูมิอากาศและความหลากหลายทางชีวภาพ สามารถนำไปใช้ประกอบการดำเนินการต่าง ๆ ได้ อีกทั้งในที่ประชุมมหาวิทยาลัยวลัยลักษณ์ในฐานะที่ปรึกษาโครงการฯ ได้นำเสนอแผนปฏิบัติการปรับตัวต่อผลกระทบจากการเปลี่ยนแปลงสภาพภูมิอากาศ ในจังหวัดตรัง และรับฟังความคิดเห็นจากคณะทำงานด้านการเปลี่ยนแปลงสภาพภูมิอากาศระดับจังหวัด จังหวัดตรัง สำหรับหน่วยงานหลัก และหน่วยงานสนับสนุน เพื่อขับเคลื่อนแผนปฏิบัติการปรับต่อต่อผลกระทบจากการเปลี่ยนแปลงสภาพภูมิอากาศในจังหวัดตรัง ต่อไป\r\n\r\n          ซึ่งการดำเนินการดังกล่าว สอดคล้องกับเป้าหมายการพัฒนาที่ยั่งยืน (SDGs) เป้าหมายตาม SDG ข้อที่ 13 (Climate Action) การรับมือการเปลี่ยนแปลงสภาพภูมิอากาศ และข้อที่ 17 (Partnerships for the Goals) สร้างความร่วมมือกับเครือข่ายและหน่วยงานต่าง ๆ ที่เกี่ยวข้องอีกด้วย', NULL, 1, '2024-10-02 17:00:00'),
(11, 'ทดดด', 'ด้านนายอับดุลรุซ์ดาน หิมะ นักศึกษาชั้นปีที่ 3 ตัวแทนนักศึกษาได้กล่าวถึงความรู้สึกที่ได้เข้าร่วมกิจกรรมในครั้งนี้ว่า “เป็นกิจกรรมการเรียนที่สนุกมากและดีใจที่ได้ลองใช้กล้องคุณภาพสูงจาก Sony ที่พี่ๆทีมงานนำมาสอนและให้ได้ทดลองใช้ในการทำกิจกรรมถ่ายภาพในครั้งนี้ ซึ่งนอกจากจะได้ความรู้แล้วยังได้รู้จักฟังก์ชั่นการใช้งานต่าง ๆ ของกล้อง Sony และได้เรียนรู้เทคนิคในการสร้างคอนเทนต์ การออกแบบให้น่าสนใจ สามารถนำไปปรับใช้ได้จริงทั้งในการเรียนและในอนาคตด้วยครับ ขอขอบคุณบริษัท Sony และพี่ ๆ ทีมงานวิทยากรทุกท่านเป็นอย่างสูงสำหรับโอกาสให้ผมและเพื่อนๆในครั้งนี้ และขอบคุณอาจารย์ผู้สอนในรายวิชาและอาจารย์ในหลักสูตรดิจิทัลคอนเทนต์และสื่อทุกท่าน สำหรับกิจกรรมการเรียนที่สนุกสนานและได้ประสบการณ์จริงจากผู้เชี่ยวชาญในครั้งนี้ครับ”', NULL, 2, '2024-10-02 17:00:00'),
(13, '', NULL, NULL, 1, '2024-10-03 17:00:00'),
(14, 'หกหก', 'กหกห', NULL, 1, '2024-10-10 17:00:00'),
(15, 'ออกกำลังกาย', 'กหกหฟหแฟหฟหแฟหแหแฟหแแผปฟ ฟแหแฟแ', NULL, 1, '2024-10-10 17:00:00'),
(16, '3333333333', '3333333333333333333333333333333333333333333333333', NULL, 1, '2024-10-10 17:00:00'),
(17, 'สั่งพักงานไม่มีกำหนด \"กู้ภัยหัวร้อน\" ต่อยลุงวัย 50 ปี หลังถูกโวยทำงานล่าช้า', 'ต้นสังกัดสั่งพักงานไม่มีกำหนด \"กู้ภัยหัวร้อน\" ต่อยลุงวัย 50 ปี บาดเจ็บ หลังปะทะคารมปม \"เคลื่อนย้ายผู้ป่วยล่าช้า\" พร้อมขอประชาชนเข้าใจระเบียบ สพฉ.\r\n\r\nจากกรณี นายริน (นามสมมุติ) อายุ 50 ปี โวยรถกู้ภัยส่งผู้ได้รับบาดเจ็บไปโรงพยาบาลล่าช้า จนเกิดปะทะคารมกับพนักงานประจำรถกู้ภัยรุ่นลูก ก่อนจะถูกพนักงานกู้ภัยรายดังกล่าวขี่รถจักรยานยนต์ ย้อนกลับมาทำร้ายจนได้รับบาดเจ็บ\r\n\r\nขณะที่ นายเอกรัฐ (นามสมมุติ) อายุ 26 ปี เจ้าหน้าที่ประจำรถพยาบาลของมูลนิธิแห่งหนึ่ง ฝ่ายผู้ก่อเหตุ ออกมายอมรับว่าขาดสติ อ้างว่าฝ่ายคู่กรณีอยู่ในอาการมึนเมา และใช้ถ้อยคำหยาบคาย ขณะที่กำลังปฏิบัติหน้าที่ พร้อมทั้งขอโทษกับเหตุการณ์ที่เกิดขึ้น ตามที่มีข่าวเสนอไปแล้วนั้น\r\n\r\nความคืบหน้าล่าสุด วันที่ 21 ต.ค.67 นายประสิทธิ์ ทองทิตย์เจริญ ประธานหน่วยกู้ภัยของมูลนิธิสว่างบริบูรณ์ธรรมสถาน เมืองพัทยา เปิดเผยว่า มูลนิธิสว่างบริบูรณ์ฯ เมืองพัทยา เป็นมูลนิธิเพื่อการกุศลและช่วยเหลือพี่น้องประชาชน แต่พนักงานรายนี้กลับมีความใจร้อน และประพฤติตรงกันข้ามกับระเบียบของมูลนิธิฯ ฝ่ายบุคคลจึงได้ออกหนังสือ \"พักงานแบบไม่มีกำหนด\" ตั้งแต่วันที่ 19 ตุลาคม ที่ผ่านมา เนื่องจากพนักงานรายนี้มีการกระทำผิดกฎระเบียบร้ายแรงของทางมูลนิธิฯ พร้อมทั้งทางมูลนิธิฯ ต้องขอโทษฝ่ายคู่กรณีกับเหตุการณ์ที่เกิดขึ้น และยืนยันว่าทางมูลนิธิฯ ไม่ได้นิ่งนอนใจ พร้อมทั้งมีการกำชับพนักงาน รวมถึงอาสาสมัครกู้ภัย ไม่ให้เกิดเหตุการณ์แบบนี้ขึ้นอีก', NULL, 1, '2024-10-10 17:00:00'),
(21, 'ประชุม', 'สวัสดี', NULL, 2, '2024-10-30 17:00:00'),
(23, 'เต้นเอโรบิก', 'การออกกำลังกายแบบแอโรบิก\r\nเป็นการออกกำลังกายแบบแอโรบิก (Aerobic exercise) ประเภทหนึ่งที่นำเพลงมาประกอบนายแพทย์เคนเนธ คูเปอร์ แพทย์ประจำกองทัพอากาศของสหรัฐอเมริกาเป็นผู้ริเริ่มจัดโปรแกรมขึ้นมาจนมีผู้นิยมอย่างมากซึ่งมีความหมายดังนี้\r\n- แอโรบิก (Aerobic) เป็นคำคุณศัพท์ หมายถึงการใช้อากาศ\r\n- แอโรบิก เอ็นเนอจี ดีลิเวอรี่ (Aerobic energy delivery) หมายถึง การสร้างพลังงานจากการใช้ออกซิเจนในการสันดาป\r\n- การออกกำลังกาย (Exercise) หมายถึงการออกแรงเคลื่อนไหว หรือใช้กิจกรรมกีฬาเป็นสื่อ\r\n\r\n            การออกกำลังกายแบบแอโรบิก (Aerobic exercise)เป็นการออกกำลังกายที่ระยะเวลานานพอที่จะทำให้ร่างกายต้องใช้ ออกซิเจนเพื่อสร้างพลังงานทำให้หัวใจและปอดถูกกระตุ้นเป็นเวลานานพอที่จะก่อให้เกิดการเปลี่ยนแปลงที่เป็นประโยชน์ขึ้นในร่างกาย การออกกำลังกายที่ถือว่าเป็นแอโรบิกนั้นมีองค์ประกอบ 4 อย่างคือ ใช้กล้ามเนื้อมัดใหญ่ ๆ เช่น แขน ขา, หนักพอ, นานพอ และต้องทำติดต่อกัน\r\n\r\n            เป็นการออกกำลังกายแบบหนักพอ คือให้ออกกำลังกายให้หนักประมาณ 70-75%ของความสามารถสูงสุดของอัตราการ เต้นของหัวใจของแต่ละบุคคล ซึ่งจะดูได้จากการจับชีพจร (ที่ข้อมือหรือ ที่คอ) ชีพจรต้องเต้นจนถึงขนาดกำหนดตามอายุของ แต่ละคน (หากอายุมากขึ้นจะมีชีพจรสูงสุดในการทำงานลดลง) จึงจะถือว่าการออกกำลังกายนั้นหนักพอ ในการคำนวณหา ความสามารถสูงสุด = 220 - อายุ เช่นคนอายุ 25 ปี มีความสามารถสูงสุด = 220-25 = 195 และ 70-75% ของ 195 = 136-140 ครั้ง ต่อนาที\r\n\r\n            เป็นการออกกำลังกายที่นานพอ เมื่อรู้สึกว่าหนักพอแค่ไหนแล้วนานพอก็ง่ายขึ้น คือ เมื่อออกกำลังการจนชีพจรขึ้นไปถึง\r\nระดับที่กำหนดแล้ว ก็ทำติดต่อกันไปเรื่อยๆ โดยคงชีพจรไว้อย่างน้อยระดับนี้ เป็นเวลา 15 - 20 นาทีก็ใช้ได้ทั้งนี้เพื่อให้ร่างกาย ได้ใช้ออกซิเจนไปช่วยเผาผลาญให้เกิดพลังงานที่เรียกว่า แอโรบิกนั่นเอง\r\n\r\nประโยชน์ของการออกกำลังกายแบบแอโรบิก\r\n            1. สุขภาพทั่วไปแข็งแรงสมบูรณ์ขึ้นทำให้มีเรี่ยวแรงต่อสู้กับกิจการงานโดยไม่เหนื่อยอ่อนเพลียง่าย\r\n            2. อาหารย่อยได้ดีขึ้น อาการท้องอืด ท้องเฟ้อ เรอเปรี้ยว อาหารไม่ย่อยจะหมดไป\r\n            3. ขับถ่ายสบาย และท้องไม่ผูก\r\n            4. นอนหลับง่าย และได้สนิทขึ้น\r\n            5. ลดความเครียด ความวิตกกังวล และอารมณ์ซึมเศร้า หรืออาการประสาทอื่น ๆ\r\n            6. ทำให้ไม่อยากสูบบุหรี่\r\n            7. ทำให้ไม่อยากดื่มเครื่องดื่มแอลกอฮอล์\r\n            8. สมรรถภาพทางเพศจะดีขึ้น\r\n            9. ลดความอ้วนได้ผลดีที่สุด\r\n            10. ทำให้จิตใจสดชื่น แจ่มใส ปลอดโปร่ง อารมณ์เยือกเย็นมั่นคงขึ้น\r\n            11. ความเชื่อมั่นในตนเองเพิ่มขึ้น\r\n            12. สติปัญญาและความคิดสร้างสรรค์เพิ่มขึ้น\r\n            13. กระดูกแข็งแรงขึ้น แม้อายุจะมากขึ้นก็ตาม\r\n            14. หัวใจแข็งแรงขึ้น เป็นวิธีป้องกันโรคหัวใจได้ผลดีที่สุด\r\n            15. ช่วยฟื้นฟูสภาพหัวใจที่ผิดปกติ เช่น หลอดเลือดโคโรนารี่ ของหัวใจตีบตัน', NULL, 3, '2024-10-20 17:00:00');

-- --------------------------------------------------------

--
-- Table structure for table `article_media`
--

CREATE TABLE `article_media` (
  `article_id` int(11) NOT NULL,
  `media_id` int(11) NOT NULL
) ENGINE=InnoDB DEFAULT CHARSET=utf8mb4 COLLATE=utf8mb4_unicode_ci;

--
-- Dumping data for table `article_media`
--

INSERT INTO `article_media` (`article_id`, `media_id`) VALUES
(7, 15),
(7, 16),
(7, 17),
(8, 18),
(8, 19),
(8, 20),
(9, 124),
(10, 29),
(11, 31),
(11, 32),
(11, 33),
(11, 85),
(13, 40),
(13, 41),
(13, 42),
(13, 43),
(13, 44),
(13, 45),
(13, 46),
(13, 48),
(13, 49),
(14, 59),
(15, 62),
(16, 64),
(16, 65),
(16, 66),
(17, 110),
(17, 114),
(21, 95),
(21, 108),
(23, 100),
(23, 118),
(23, 121);

-- --------------------------------------------------------

--
-- Table structure for table `article_tag`
--

CREATE TABLE `article_tag` (
  `article_id` int(11) NOT NULL,
  `tag_id` int(11) NOT NULL
) ENGINE=InnoDB DEFAULT CHARSET=utf8mb4 COLLATE=utf8mb4_unicode_ci;

-- --------------------------------------------------------

--
-- Table structure for table `categories`
--

CREATE TABLE `categories` (
  `id` int(11) NOT NULL,
  `name` varchar(100) NOT NULL,
  `slug` varchar(100) NOT NULL
) ENGINE=InnoDB DEFAULT CHARSET=utf8mb4 COLLATE=utf8mb4_unicode_ci;

--
-- Dumping data for table `categories`
--

INSERT INTO `categories` (`id`, `name`, `slug`) VALUES
(1, 'งานวิชาการ', 'academic'),
(2, 'อบรม/สมนา', 'training-seminar'),
(3, 'กิจกรรม', 'activities');

-- --------------------------------------------------------

--
-- Table structure for table `media`
--

CREATE TABLE `media` (
  `id` int(11) NOT NULL,
  `file_name` varchar(255) NOT NULL,
  `file_type` varchar(50) NOT NULL,
  `file_path` varchar(255) NOT NULL,
  `duration` int(11) DEFAULT NULL COMMENT 'ระยะเวลาของวิดีโอเป็นวินาที'
) ENGINE=InnoDB DEFAULT CHARSET=utf8mb4 COLLATE=utf8mb4_unicode_ci;

--
-- Dumping data for table `media`
--

INSERT INTO `media` (`id`, `file_name`, `file_type`, `file_path`, `duration`) VALUES
(1, 'example_video.mp4', 'video/mp4', '/uploads/videos/example_video.mp4', 120),
(4, '66fe1edc716d6_45a88d2d-c931-4554-9c74-ade634cd7a1a.mp4', 'video/mp4', 'uploads/videos/66fe1edc716d6_45a88d2d-c931-4554-9c74-ade634cd7a1a.mp4', NULL),
(15, '66febf46cd73d_Screenshot 2024-07-30 143431.png', 'image', 'uploads/images/66febf46cd73d_Screenshot 2024-07-30 143431.png', NULL),
(16, '66febf46cd89f_นอมอล-1.pdf', 'pdf', 'uploads/pdf/66febf46cd89f_นอมอล-1.pdf', NULL),
(17, '66febf46cd912_f784618f-a71d-4b14-9587-1350558938e7.mp4', 'video', 'uploads/videos/66febf46cd912_f784618f-a71d-4b14-9587-1350558938e7.mp4', NULL),
(18, '66febf630a1c3_Screenshot 2024-07-30 143431.png', 'image', 'uploads/images/66febf630a1c3_Screenshot 2024-07-30 143431.png', NULL),
(19, '66febf630a25a_นอมอล-1.pdf', 'pdf', 'uploads/pdf/66febf630a25a_นอมอล-1.pdf', NULL),
(20, '66febf630a2bd_f784618f-a71d-4b14-9587-1350558938e7.mp4', 'video', 'uploads/videos/66febf630a2bd_f784618f-a71d-4b14-9587-1350558938e7.mp4', NULL),
(29, '66fec9c9b9fbb_เป2.pdf', 'pdf', 'uploads/pdf/66fec9c9b9fbb_เป2.pdf', NULL),
(31, '66fecc7809b0c_Screenshot 2024-07-30 143431.png', 'image', 'uploads/images/66fecc7809b0c_Screenshot 2024-07-30 143431.png', NULL),
(32, '66fecc7809bbe_64101587 เกียรติศักดิ์์.pdf', 'pdf', 'uploads/pdf/66fecc7809bbe_64101587 เกียรติศักดิ์์.pdf', NULL),
(33, '66fecc7809c1b_45a88d2d-c931-4554-9c74-ade634cd7a1a.mp4', 'video', 'uploads/videos/66fecc7809c1b_45a88d2d-c931-4554-9c74-ade634cd7a1a.mp4', NULL),
(35, '66fecd12a105d_เป1.pdf', 'pdf', 'uploads/pdf/66fecd12a105d_เป1.pdf', NULL),
(37, 'ใบลา เทม.pdf', 'pdf', 'D:/XAMPP/htdocs/P2/HOME/uploads/pdf/ใบลา เทม.pdf', NULL),
(38, '45a88d2d-c931-4554-9c74-ade634cd7a1a.mp4', 'video', 'D:/XAMPP/htdocs/P2/HOME/uploads/videos/45a88d2d-c931-4554-9c74-ade634cd7a1a.mp4', NULL),
(39, 'Screenshot 2024-07-30 143431.png', 'image', 'D:/XAMPP/htdocs/P2/HOME/uploads/images/Screenshot 2024-07-30 143431.png', NULL),
(40, '66ffa69f5cf48_24432.jpg', 'image', 'uploads/images/66ffa69f5cf48_24432.jpg', NULL),
(41, '66ffa69f5cfec_24469.jpg', 'image', 'uploads/images/66ffa69f5cfec_24469.jpg', NULL),
(42, '66ffa69f5d041_26377.jpg', 'image', 'uploads/images/66ffa69f5d041_26377.jpg', NULL),
(43, '66ffa69f5d089_26381.jpg', 'image', 'uploads/images/66ffa69f5d089_26381.jpg', NULL),
(44, '66ffa69f5d115_26384.jpg', 'image', 'uploads/images/66ffa69f5d115_26384.jpg', NULL),
(45, '66ffa69f5d18a_ใบลา - Copy.pdf', 'pdf', 'uploads/pdf/66ffa69f5d18a_ใบลา - Copy.pdf', NULL),
(46, '66ffa69f5d1e1_45a88d2d-c931-4554-9c74-ade634cd7a1a.mp4', 'video', 'uploads/videos/66ffa69f5d1e1_45a88d2d-c931-4554-9c74-ade634cd7a1a.mp4', NULL),
(48, '45a88d2d-c931-4554-9c74-ade634cd7a1a.mp4', 'video', 'D:/XAMPP/htdocs/P2/HOME/uploads/videos/45a88d2d-c931-4554-9c74-ade634cd7a1a.mp4', NULL),
(49, 'Screenshot 2024-07-30 143431.png', 'image', 'D:/XAMPP/htdocs/P2/HOME/uploads/images/Screenshot 2024-07-30 143431.png', NULL),
(55, 'ใบลาป่วย  ลากิจส่วนตัว ลาคลอดบุตร   (เทม).docx', 'pdf', 'D:/XAMPP/htdocs/P2/HOME/uploads/pdf/ใบลาป่วย  ลากิจส่วนตัว ลาคลอดบุตร   (เทม).docx', NULL),
(56, 'f784618f-a71d-4b14-9587-1350558938e7.mp4', 'video', 'D:/XAMPP/htdocs/P2/HOME/uploads/videos/f784618f-a71d-4b14-9587-1350558938e7.mp4', NULL),
(57, 'Screenshot 2024-07-30 143431.png', 'image', 'D:/XAMPP/htdocs/P2/HOME/uploads/images/Screenshot 2024-07-30 143431.png', NULL),
(59, '670940937c96b_เป2.pdf', 'pdf', 'uploads/pdf/670940937c96b_เป2.pdf', NULL),
(62, '670949f80be33_เป2.pdf', 'pdf', 'uploads/pdf/670949f80be33_เป2.pdf', NULL),
(64, '67094c6e49643_Screenshot 2024-07-30 143431.png', 'image', 'uploads/images/67094c6e49643_Screenshot 2024-07-30 143431.png', NULL),
(65, '67094c6e4971b_นอมอล-1.pdf', 'pdf', 'uploads/pdf/67094c6e4971b_นอมอล-1.pdf', NULL),
(66, '67094c6e49780_f784618f-a71d-4b14-9587-1350558938e7.mp4', 'video', 'uploads/videos/67094c6e49780_f784618f-a71d-4b14-9587-1350558938e7.mp4', NULL),
(72, '67095360cc871_45a88d2d-c931-4554-9c74-ade634cd7a1a.mp4', 'video', 'uploads/videos/67095360cc871_45a88d2d-c931-4554-9c74-ade634cd7a1a.mp4', NULL),
(81, 'การทำงานเก่า  ----  ใหม่.drawio', 'pdf', 'D:/XAMPP/htdocs/P2/HOME/uploads/pdf/การทำงานเก่า  ----  ใหม่.drawio', NULL),
(84, 'Screenshot 2024-07-30 143431.png', 'image', 'D:/XAMPP/htdocs/P2/HOME/uploads/images/Screenshot 2024-07-30 143431.png', NULL),
(85, '24469.jpg', 'image', 'D:/XAMPP/htdocs/P2/HOME/uploads/images/24469.jpg', NULL),
(86, '670e36ad0bbdf_Screenshot 2024-07-30 143431.png', 'image', 'uploads/images/670e36ad0bbdf_Screenshot 2024-07-30 143431.png', NULL),
(87, '670e36ad0bc98_ทด.png', 'image', 'uploads/images/670e36ad0bc98_ทด.png', NULL),
(88, '670e36ad0bcfc_เป2 (1).pdf', 'pdf', 'uploads/pdf/670e36ad0bcfc_เป2 (1).pdf', NULL),
(89, '670e36ad0bd54_45a88d2d-c931-4554-9c74-ade634cd7a1a.mp4', 'video', 'uploads/videos/670e36ad0bd54_45a88d2d-c931-4554-9c74-ade634cd7a1a.mp4', NULL),
(90, '24432.jpg', 'image', 'D:/XAMPP/htdocs/P2/HOME/uploads/images/24432.jpg', NULL),
(92, '67106af1b3e47_นอมอล-1.pdf', 'pdf', 'uploads/pdf/67106af1b3e47_นอมอล-1.pdf', NULL),
(95, '67108d8967bb3_66f6e3455f0e0_นอมอล-1.pdf', 'pdf', 'uploads/pdf/67108d8967bb3_66f6e3455f0e0_นอมอล-1.pdf', NULL),
(97, '671092fbe6a0a_IT-Specialist-BPM.pdf', 'pdf', 'uploads/pdf/671092fbe6a0a_IT-Specialist-BPM.pdf', NULL),
(100, '6710af8983c6d_IT-Specialist-BPM.pdf', 'pdf', 'uploads/pdf/6710af8983c6d_IT-Specialist-BPM.pdf', NULL),
(108, 'patong000.jpg', 'image', 'C:/xampp/htdocs/P2/HOME/uploads/images/patong000.jpg', NULL),
(110, 'IT-Specialist-BPM.pdf', 'pdf', 'C:/xampp/htdocs/P2/HOME/uploads/pdf/IT-Specialist-BPM.pdf', NULL),
(114, '022.jpg', 'image', 'C:/xampp/htdocs/P2/HOME/uploads/images/022.jpg', NULL),
(118, 'แอโรบิก.webp', 'image', 'C:/xampp/htdocs/P2/HOME/uploads/images/แอโรบิก.webp', NULL),
(121, 'images (1).png', 'image', 'C:/xampp/htdocs/P2/HOME/uploads/images/images (1).png', NULL),
(124, '02_005 (1).jpg', 'image', 'C:/xampp/htdocs/P2/HOME/uploads/images/02_005 (1).jpg', NULL);

-- --------------------------------------------------------

--
-- Table structure for table `tags`
--

CREATE TABLE `tags` (
  `id` int(11) NOT NULL,
  `name` varchar(50) NOT NULL,
  `slug` varchar(50) NOT NULL
) ENGINE=InnoDB DEFAULT CHARSET=utf8mb4 COLLATE=utf8mb4_unicode_ci;

--
-- Indexes for dumped tables
--

--
-- Indexes for table `admin`
--
ALTER TABLE `admin`
  ADD PRIMARY KEY (`id`),
  ADD UNIQUE KEY `username` (`username`);

--
-- Indexes for table `articles`
--
ALTER TABLE `articles`
  ADD PRIMARY KEY (`id`),
  ADD KEY `author_id` (`author_id`),
  ADD KEY `category_id` (`category_id`);

--
-- Indexes for table `article_media`
--
ALTER TABLE `article_media`
  ADD PRIMARY KEY (`article_id`,`media_id`),
  ADD KEY `media_id` (`media_id`);

--
-- Indexes for table `article_tag`
--
ALTER TABLE `article_tag`
  ADD PRIMARY KEY (`article_id`,`tag_id`),
  ADD KEY `tag_id` (`tag_id`);

--
-- Indexes for table `categories`
--
ALTER TABLE `categories`
  ADD PRIMARY KEY (`id`),
  ADD UNIQUE KEY `slug` (`slug`);

--
-- Indexes for table `media`
--
ALTER TABLE `media`
  ADD PRIMARY KEY (`id`);

--
-- Indexes for table `tags`
--
ALTER TABLE `tags`
  ADD PRIMARY KEY (`id`),
  ADD UNIQUE KEY `slug` (`slug`);

--
-- AUTO_INCREMENT for dumped tables
--

--
-- AUTO_INCREMENT for table `admin`
--
ALTER TABLE `admin`
  MODIFY `id` int(11) NOT NULL AUTO_INCREMENT, AUTO_INCREMENT=8;

--
-- AUTO_INCREMENT for table `articles`
--
ALTER TABLE `articles`
  MODIFY `id` int(11) NOT NULL AUTO_INCREMENT, AUTO_INCREMENT=25;

--
-- AUTO_INCREMENT for table `categories`
--
ALTER TABLE `categories`
  MODIFY `id` int(11) NOT NULL AUTO_INCREMENT, AUTO_INCREMENT=4;

--
-- AUTO_INCREMENT for table `media`
--
ALTER TABLE `media`
  MODIFY `id` int(11) NOT NULL AUTO_INCREMENT, AUTO_INCREMENT=125;

--
-- AUTO_INCREMENT for table `tags`
--
ALTER TABLE `tags`
  MODIFY `id` int(11) NOT NULL AUTO_INCREMENT;

--
-- Constraints for dumped tables
--

--
-- Constraints for table `articles`
--
ALTER TABLE `articles`
  ADD CONSTRAINT `articles_ibfk_1` FOREIGN KEY (`author_id`) REFERENCES `admin` (`id`) ON DELETE SET NULL,
  ADD CONSTRAINT `articles_ibfk_2` FOREIGN KEY (`category_id`) REFERENCES `categories` (`id`) ON DELETE SET NULL;

--
-- Constraints for table `article_media`
--
ALTER TABLE `article_media`
  ADD CONSTRAINT `article_media_ibfk_1` FOREIGN KEY (`article_id`) REFERENCES `articles` (`id`) ON DELETE CASCADE,
  ADD CONSTRAINT `article_media_ibfk_2` FOREIGN KEY (`media_id`) REFERENCES `media` (`id`) ON DELETE CASCADE;

--
-- Constraints for table `article_tag`
--
ALTER TABLE `article_tag`
  ADD CONSTRAINT `article_tag_ibfk_1` FOREIGN KEY (`article_id`) REFERENCES `articles` (`id`) ON DELETE CASCADE,
  ADD CONSTRAINT `article_tag_ibfk_2` FOREIGN KEY (`tag_id`) REFERENCES `tags` (`id`) ON DELETE CASCADE;
COMMIT;

/*!40101 SET CHARACTER_SET_CLIENT=@OLD_CHARACTER_SET_CLIENT */;
/*!40101 SET CHARACTER_SET_RESULTS=@OLD_CHARACTER_SET_RESULTS */;
/*!40101 SET COLLATION_CONNECTION=@OLD_COLLATION_CONNECTION */;
